Sentence,story_num
"المقدمة """"النكبة ،.",1
هذا المسمّى المكرر بمعناه المجرد هو التعبير عن تهجير الشعب الفلسطيني من أرضه قسرًا في أيار من عام1948 ُّ.,1
ولكن هذا الحدث التاريخي في حياة أبناء هذا الشعب ليس بالمحطة التاريخية التي يُمَر على ذكرها مرور الكرام.,1
بل هي حدث متجدد قد ال يكون تجددها بنفس الشكل البشع الذي حدث للمرة األولى لكن األسى الذي يصاحب حياة اإلنسان الفلسطيني يجعله الدمغة التي تدل على النكبة في كل خطوةٍ من .,1
ّخطوات الحياة.,1
"والشواهد من أحداثٍ سياسية وحروب وأزمات متالحقة ال تُعَد إذ قد يستفسر البعض، كيف لشبابٍ و فتياتٍ و لِدوا في بداية األلفية الثالثة أو انتهاء الثانية، أن يكون لهم حصة من معاناة أسالفهم الذين هُجِّ روا من ديارهم قبل ما يزيد عن سبعين عام؟",1
و لإلجابة على هذا السؤال كان علينا أن نرصد انعكاسات النكبة على حياة الجيل الجديد ونوثِّق آراءهم وتجاربهم في سطور هم يكتبو نها فيسجلون تجربتهم مع حدثٍ بدأ في15 أيار1948 وما زال مستمراً حتى .,1
يومنا هذا استُهلِّت نشاطات ورشة أرشيف النكبة في18 تشرين الثاني2022 بإجراء مقابالت مع ثالث مسنّات من مخيم الجليل.,1
"وقد قام الشباب والشابات وعددهم7 بإجراء الحوار وتوجيهه نحو نقاط معينة ت ثير اهتمامهم في حيثيات نكبة1948 ، فكانت هذه الجلسة هي الجلسة التي طرحت تصورات الشباب ورؤيتهم للنكبة وانعكاسها .",1
"على حياتهم، وقد اعتمد عليها الفريق لسبر معلوماته ولتحديد وجهة كتاباته في بداية الجلسة الثانية، شاهد الفريق بعض المقابالت المصورة من موقع األرشي ف والتي تركزت حول النقاط التي قرر الشباب تغطيتها خالل كتاباتهم.",1
وتم فتح باب النقاش فيها وتسليط الضوء على تفاصيل تخدم .,1
"أعضاء الفريق في كتاباتهم تطرقت إحدى الكتابات لقصة ""أم الشهيد""؛ فكان الحديث عن تجربة اثنتين من أمهات الشهداء، عن وجع الفقد وعن صورة أم الشه يد الصابرة القويّة التي اعتدنا عليها والتي تخفي داخلها مرارة وحسرة ترافقها طيلة .",1
"حياتها في قصة شابة أخرى، كان الضوء مسلطًا على ""طوابير"" فرضتها النكبة على الالجئين، طوابير مختلفة كانت .",1
"دومًا جزء من قصتهم منذ بداية تهجيرهم حتى اليوم كما سُلِّط الضوء على فكر ة النجاة بالنساء واألطفال و إجراء المفارقة بين هذا أثناء النكبة وما كان يحدث في سوريا بعد ٢١٠٢ في قصة "" الدخان فالخبز فاألسالك الشائكة"".",1
"شابهَت هذه القصّة في المفارقة والمشابهة بين نكبة اليرموك ونكبة فلسطين وذكريات التهجير المتوارثة قصة أخرى كتبتها شابة ب عنوان ""ذاكرة ال .",1
"""تفنى فكرة ""الحنين"" لمنزل مجهول ال يتذكره المرء كانت حاضرة في إحدى المشاركات وأيضًا كان هناك إسقاط .",1
"بين تجربة الوالد الذي لم يعرف فلسطين وبين اإلبن الذي ال يتذكر شكل بيت األهل في سوريا إذ كان صغيرًا في ""كيف لي أن أغفر"" جرى الحديث من النا حية النفسية والعاطفية عن فكرة العودة إلى فلسطين بعد اجتياح لبنان ٢٨ حيث كان يُسمح بإعطاء تصاريح لالجئين من لبنان للدخول إلى فلسطين لزيارة أقربائهم.",1
"هذه القصة أحاديث وروايا مختلفة من النكبة وما بعدها تناولت العالقة والتعاطي بين أهل األرض والمحتلين أم ا في ""أبو عادل الفاتح""، تفاصيل كثيرة في قصتَين مختلفتَين في األحداث متشابهتَين في الشعور، أصوات كثيرة الحقَت أصحاب هذه القصص منذ بد اية نكبتهم وأصبحت جزء منهم ومن ماضيهم وحاضرهم .",1
"ذاكرة ال تفنى بقلم: منيرة شهابي كأنه يوم القيامة ، بس جاي علينا لحالنا، باليرموك.",1
فجأة ما ضل حجر على حج.,2
ر كل العالم عم تركض وتبك.,2
"ي يلي فاقد أهله و ب ده يتطمن وهو ضمن ا كمان مفقود ، ضايع بحاله، مش عارف شو بدو وشو يعمل ومش عارف شو نوع شعوره وشو الزم يحكي وعم يحس بنفسه بس مش نفسه، موجود ومش موجود، كإنه مغيّب عن وعيه، بس عم يتحرك، في شي جواته عم يحكيله امشي ،كمّل .",2
"بالحركة النجاة وبالوقوف الموت عم يركض ومش عا رف وين اجريه ماخديته، ومش عارف إ ذا في خالص أو أل، معقول هاي النهاية؟",2
"ّ أل أكيد رح نعيش، معقول هاد ما يكون حقيقة؟",2
"ّ بلكي ،كابوس، بلكي هلوسة، بلكي أي شي مش مهم هأل تعرف، مش مهم تفهم، المهم ضلك ماشي، اركض وانفد بريشك، رح تيجي لحظة .",2
"وباآلخر تفهم شو هاد كله، المهم الزم تعيش كرمال هاي اللحظة صراع جوات كل واحد، أ ،فكار ضايعة ومشاعر فايتة ببعضها، والدخان جواتنا، والدخان براتنا والد خان عم ينتشر بكل مكان.",2
"صوت القصف كان مرعب للكبار قبل الصغا ر، بس الكبير فينا الزم يداري خوفه ويخبيه، الزم يدعس على شعوره كرمال الصغير، الزم يحافظ على صورته وعلى ثباته كرمال أطفاله، هو بعينهن البطل الخارق اللي ما بيخاف، هو المخلّص اللي رح يحميهن ويطلعهن من ه اد كلو، وهني مش عارفين انو جواته طفل صغير خايف متلهن بس ما في كبير يحميه.",2
فعال بقول يا ريت الكبار في عندهن هني كمان كبار يحموهن.,2
ويخافوا عليهن ويكابروا كرمالهن ركضنا على المالجئ ب سبب القصف إلنو قالوا طيران حربي .,2
و كإنو القصف الج وي بيقتل بس القصف المدفعي مسالم.,2
"، كإنه الموت بييجي عامودي مش أفقي هاي كانت أول مرة بتم قصفنا بالطيران الحربي.",2
بعد ما غابت الشمس رجعنا عل ى البيت لنضب وراق البيت لالحتيا ط.,2
"كنت عم ببرم بالبيت وبتأمله، بتأمل كل شي فيه، كإني أول مرة بشوفه (أو من جواتي كنت حاسيتها يمكن آخر )مرة !",2
"كنت عم بمشي فيه ونفسي أحضنه، أو يا ريت لو هو يحضني كنت عم شوفه يمكن كإنه عم ،بودعه.",2
"ما بعرف وبعدها بلشت القذائف واال شتباكات بكل زاوية بالمخ مي ، كإنه المخيم عم يصرخ من كل جهة، كإنه عم ينادينا، كإنه عم يستنجد فينا، بس كيف نحكيله انو احنا ناطرين يسكت صريخه ،لحتى نهرب منه .",2
"كيف نحكيله هو آه عزيز علينا بس روحنا بتضل أعز كنا أول ما نسمع صوت صفيرة القذيفة نتطمن إنها مرقت من فوقنا ومش رح تنزل على رأسنا ، بلحظتها كان في متل نوع انتشاء بالشعور، انو مزطنا منها، يا ريت كان فينا بلحظتها نقوم ونحتفل ّانو طريق القذيفة ضي عنا، بس ما تلحق تكمل فرحتنا غير نتذكر انو بعد في كتيرغيرها، وكإنه عم !",2
"نلعب غميضة مع الموت، يكمشنا أو يضيعنا كانت ليلة مرعبة فعال أول مرة بتمر عليي ليلة هيك ريحة الموت عم تفوح من كل مكان، وعم تعشّش بكل زاوية بالمخيم.",2
"كنا كل ش وي نسمع عن نبأ استشهاد حدا بال مخيم، واألخبار عم توقع علينا أشد من القذائف، وفعال القذائف أرحم كانت، شوي وبتنط فى وبت برد نارها، الخبر نارو بعد ها بتحرقنا .",2
"لهأل
كان عنا غرفة صغيرة محصورة جوا البيت كنا نتخبى فيها أول ما نسمع ضرب القذائف.",2
ك انت ليلة شتوية مطرها قوي وقاسي .,2
"بس المطر ما كان مي، المطر كان قذائف ،و صواريخ.",2
"هالمطر ك ان كفيل بإنو يروي المخيم كله بدم والدو، بس وقتها ما كنا بنعرف شو الحصاد اللي رح ن جنيه من هيك !",2
زرع ومع هدوء وسكينة الفجر انتشر خبر إلزامية ا لخروج القسري من المخيم أو األ طراف الم تنازعة رح تد بح النساء واألطفال متل ما ع وا مل بمناطق تانية.,2
عادة هاألخبار ما بتخوف النسا ء و األطفال قد ما بتخوف الرجال.,2
معقول الشعور ب المس ؤولية يكون أقسى من الموت نفسو!,2
عشان هيك اجتمع الرجال وقرروا انو الزم يواجهوا بس أول شي الزم يطلعوا النساء و األطفال برا المخيم حتى ما يستخدم وهن المسلحين .,2
ضدن رجالنا كانت متل أيّ رجل شرقي عرب ي خوفه ع لى أرضه وعرضه بيمشي بدم.,2
"بس ال فعليًا، نحنا مش لحالنا، قبلنا كانوا هيك، عاشوا متل نكبتنا هاي هاي المشاهد شفتها من جديد وسمعتها بحديث للحجة آمنة السيد وهي توصف ليالي النكبة وكيف مرت عليهن اإليام، وأديش كانت تقيلة وأديش ك ان الوقت بطيء ، الليل طويل والنهار قصير، هاي اذا كان فيها نها.",2
"ر من أصله1 بتحكي الحجة كانوا اليهود يضربونا من مرتفعات صفد بالمدافع والقذائف يا خالتي، كا نوا يضربونا .",2
"بالليل لنخاف أكتر لينتشر الرعب أكتر كل ما يشتد ظالم الليل وعتمته وسواده كانت المدافع عم تقرع حدود البلدة وتجتازها وتجتاز معها قلوب األطفال والنساء بوقتها كنا نهرب ونروح على بلدة رميش كانت أقرب شي علينا و نبقى فيها لتبرد نار البارود يلي كانت تحرق قلوبنا بصوتها وبكل طلقة ت طلع منها و رجالنا كا ن ت متل األسود عم تدافع عن أرضها وعرضها، .",2
عم تدافع على عرين حياتها ننطر ليطلع الصبح لنرجع عل.,2
ى بلدتنا وهالمسلسل كان .,2
"ينعاد كل كم يوم بس ما كنا نفقد األمل بعودتنا وبليلة صحينا على صوت الناس بالشوارع عم تصرخ ،عم تنده ال يهود فاتوا علي نا اصحوا ا .",2
"صحوا كانت الي هود بوقتها ،عم تزرع خبثها وسمها بين بيوتنا هاي هي عادتهن المكر متل ال.",2
ثعالب زرعوا األلغام المتفجرة بين البيوت كان بدهن يجرفوا أرواحنا ويوخدوا األرض بس مك رهن رجع خايب عليهن ومن خوفهن هربوا أول ما سمعوا بصوت القواص من قبل الفلسطينية لما كشف وا أمرهن فرجعوا ألدراجهم دون حول منهم وال قوة رغم انو القواص طلع من بارودة وحدة كانت ت خويف لليهود ظنوا بأنوا القرية فيها سالح وطالما في سالح رح يكون في مواجهة بين الطرفي ن ففشلت خطة .,2
تلغيم البلدة بس الخوف بلش يتغلغل بنفوس النساء واألطفال كل نفس وكل تنهيدة كان ت تتطلع منهم .,2
"تحمّل الرجال مسؤولية أكبر فوق كل المسؤوليات الموجودة ،وبليلة الجمعة الليلة المباركة يلي الناس بتنام ب هالليلة وهي عم ترسم لنهار جد ،يد نهار متعارف عليه بكون بين االهل واألحباب واللمات الحلوة بس عنا كانت هالليلة غير.",2
"عند كل العالم 1 فلسطين، أرشيف النكبة-صفد ، 1936 مواليد ،آمنة السيد .",2
"
،سقطت صفد سقطت المنطقة كلها وبلدتنا صار فيها مذبحة صارت خالل المقاو مة يلي كانت بين .",2
رجالنا واليهود بوقتها ما عاد في خيار تاني قدامنا يا االستسالم وال خضوع لليهود أو نعيش وننقذ الوطن .,2
"كنا متعودين على مشهد القوافل يلي كان يصير كل سنة لما الناس تروح على الحج بس القوافل يلي كانت بهديك الليلة كانت قو افل حاملة معها تشرد وضياع وهالك، حاملة وجع، ما كنا منعرف ا نو رح نحمل معنا وجع وقهر ألجيال .",2
خبرونا انو رح نطلع سبعة أيام وبعدها نرجع وكل .,2
شي رح يرجع زي ما كان سبعة أ يام حملوا معهن أربعة وسبعين سنة.,2
وطلعنا من المخيم على وعد أسبوع ومنرج.,2
"ع ن فس العبارة المشهورة عند الفلسطي نيين ""كلها أسبوع يا يا أم أحمد"".",2
"أسبوع ال ٨٤ طوّ ل ٤٧ سنة و نفس المشهد عم يتكرر: األهالي وهي عم تركض، المشهد المه يب ا لرهيب ، ،قوافل األلم والتشرد البحث عن ط .",2
وق النجاة واألمان تركنا البيوت واألرض والمال وطلعنا وحاملين معنا وثائق تردنا .,2
"بعد طلعتنا ألسبوع يلي ما كانت تخلص أيامه لما كنت صغيرة كان كل ما حدا حكى قدامي نكبة ما أفهم شو معناها ، كنت أحسها كلمة مجردة، شي ،مش واضح، فكرة مجهولة كنت كل ما أسأل حدا يقلي يوم اليهود طلعونا من فلسطين .",2
"كتير كنت أتخيل المشهد ،بس كان يضل ناقص ،وال مرة تخيلت معه شعور الذل والقهر شعور الضياع شعور العجز وشعور الخوف والوجع هاد.",2
"بس لما عشت هاألحداث والمشاعر كلها ،باليرموك أدركت مضمون كلمة نكبة .",2
"نكبة اليرموك كانت ،صورة مصغرة أو مشهد واحد من مشاهد نكبة فلسطين عاشها نفس الشعب ، ب دل المرة مرتين كان حظهن من هاد التهجير ، واللي ما عاش التنين سوا وكان حظه انو ياخده الموت قبل التاني ، فهو عاش األولى وخبرها لوالده مفكرها ذكرى وانقضت، ما كان حاسب انو والده رح يرجعوا يدوقوا من نفس الكاس المر اللي هو داق وتلوّ ع منه ،.",2
النكبة أربع حروف بكل.,2
مخرج حرف فيها موجود وجع شعب بأكمله نحنا الجيل يلي دفع ثمن ربيع عمره .,2
حروب وتهجير وذل النكبات بحياتنا مستمرة وكأننا شعب مكتوب عليه ي ضل منك وب كيف ما راح و وين ما إجا.,2
ّسنين مر ت و ّأوراق خريف هر ت وبعدن ا ناطرين ربيع هالعمر يهرول لعنا.,2
"طوابير بقلم: سارة داوود 8 فبراير2023، في بيتي في مخيم الجليل ثلج على األبواب، صقيع ينخر في العظ ،م، عاصفة شلّت المدينة عن الحركة يخال لك أ ن البيت سيقتلع من جذوره ويطير مع صوت الريح في الخارج .",3
وأنا ملفحة بالغطاء ومتقوقعة حول نفسي جنب المدفئة.,3
"حاجة ملحة للدخول للحمام، في مثل هكذا طقس أظن هكذا حركة ال تقل عن كونها جهاد.",3
"دخلت الحمام، مواسير المياه متجمدة، تقطر بعض نقاط المياه من الحنفية، صوت ها كما التعذيب في السجون، وأنا أتجمد من البر د وأ.",3
"عد الثواني كي أخرج وأعود للدفئ لحظة، كأن هذا المشهد له مثيل مشابه في ذاكرتي، نعم هو، ت ذكرت.",3
سمعت حديثًا قصيرًا عن مشهد مشابه ٍحدثتنا عنه الحاجة زكية في لقاء حديث كان معها حول النكبة وحول ما عاشته قبلها وخاللها .,3
"وبعدها1 الحاجة زكية في حمامات اللجوء، حمام واحد لمئات الالجئين الفارين من الموت إلى ا لخيام.",3
"في بنت جبيل ومناطق أخرى لجأ إليها الفلسطيني ون بعد النكبة، حمام واحد مشترك.",3
"متر باثن ين، شادر ثم تحول إلى زينكو يحبس صدى الصوت ويضج فيه كما اإلناء الصدِأ ،، حمام كما العراء أ ال علم كيف .",3
"كان يصمد في وجه الريح والعواصف كما أنا في وضعي هذا، لكن المياه كان ت في لجن وطاسة، وحيطان الحمام لم ت كن إس ًمنت ا، لكن أنا اآلن كما الحاجة وقتها، كالنا نموت بردًا، الفرق واحد بيننا: أنا لديّ الوقت بين ما هي لم يكن لديها .",3
"الوقت الحمام وقتها كان فرصة، رفاهيّة محدودة الوقت، على الالجئ أن ينتهزها ويس تغل هذا .",3
"الوقت، فإن طابورًا من الالجئين في انتظاره خارجًا طوابير ال حمام هذه، والمشهد هذا، ومشاهد أخرى مشابهة، كما طوابير الحمام التي كا نت في مخيمنا قديمًا، طوابير كثيرة تذكرتها في لحظتها وقررت الكتابة عنها.",3
"خر جت فوراً، أمسكت ًقلمًا و ورقة .",3
"وبدأتُ الكتابة عن هذه الطوابير طوابير كث يرة أ صبحت جزءًا من ذاكرة اإلنسان الفلسطين ،ي وجزءًا من ماضيه وحاضره ج زءًا من .",3
"وجوده طوابيرأعاشة، طوابير مازوت، طوابير أكل وشرب، طوابير قرطاسية، طوابير أغط ،ية طوابير مالبس، طوابير النكبة األولى، طوابير التهجير من البيوت، طوابير الجثث وط وابير الجرحى .",3
وطوابير أخرى كثيرة طوابير طوابير طوابير تالحقنا.,3
"صور كثيرة لطوابير يعُجّ بها دماغي، طوابير رأ يتها، طوابير عشتها، وأخرى شاهدتها على التلفاز، طواب ير سمعت عنها، طوابير عاشتها جدت ي وأخبرتن .",3
"ي عنها صور وأصوات من طوابير يختلط بعضها ببعض حتى أصبح حضورها مشوشًا في دماغي، بت ّضائعةً بينها، أي ها كان حقيقيّا ورأيته بأمّ عيني، وأيّها كان محض خيالٍ عشتها ب عدما أخبرتنا الجدات .",3
"عنها حتى أصبحت قصصًا حقيقية في ذاكرتي 1 مخيم الجليل، مقابالت أرشيف النكبة-، دار الوفاء للمسنين2022/11/18 فلسطين، مقابلة بتاريخ-لوبية ،1940 زكية عبدالحليم، مواليد
أذكر إحدى الطوابير هذه، كانت جزءًا من طفولتي في مخيم الجليل.",3
طوابير األعاشة ا لتي كانت توزعها وكالة الغوث (األونروا) على الالجئين الفلسط.,3
"ينيين في مخيمنا تدخل من بوابة المخيم، ثم تنعطف يسارًا، تمشي بضع أمتارٍ حتى تصل، تحديدًا حتى ت ر ى اللون األزرق، نعم هنا، زاوية .",3
"على يسارك، هنا كانت توزّع مؤن األعاشة أستذكر أيام التوزيع في هذه اللحظات، وضحكة عابرة أشعر بها، تنرسم على أطراف شفت اي، أعلمها ج.",3
"يّدًا، ضحكة االستهزاء هذه أضحك وأنا أفكر، ما هو مدعاة وجعٍ اآلن، كيف له أن يكون مدعاة ًفرحٍ سابق ا؟",3
"الطبيعي عادةً هو العكس، ما أ وجعنا سابقًا يبرد مع الوقت وقد يصبح النقيض.",3
"هذه الحالة، ما يوجعني اآلن هو ما كان يفرحني سابقًا، في طفولتي ،أراني اآلن محمّلة بحقيبة ظهرٍ تقصم ظهر البعير، ال أعلم كيف لم تقصم ظهري!",3
"وفي ها من الكتب والدفاتر ما يُعادِل نصف وزني، وأنا في العاشرة من عمري وعائدة من مدرسة األونرو ا إلى بيتي في المخيم.",3
"إذا سلكت الطريق ""الفوقاني"" أصِ ل لمنزلي خالل دقيقتَين فقط، لكن طفلة جا محة فضولية مثلي لن تضيّع فرصة رؤية التوزيعات وطابور األعاشة وإن كلّفها ذلك أن تحمل حقيبت ها لمسافة .",3
"""ومدّة أطول، فأسلك الطريق ""التحتاني أصِ لُ ساحة المخيّم وأرى النّاس تتدافع الستالم المؤن، وأقف وأراقب المشهد وتسعد ،ني هذه المراقبة لكن الرؤية تبدو ضبابيّة بين لحظاتٍ وأ خرى.",3
"بياض يغبّش الرؤية والوجوه، إنه الد قيق الذي يتطاير في الجو كلما قام عمّال التوزيع برمي أكياس الخيش المضغوطة بالدقيق، بعضها فوق ب عض، مكوّ مة .",3
"كما الجثث أراقب، وأرى رجالً ذو لحيةٍ سوداء، استلم حصّته وأخذ بالرحيل بعدما أ صبحت لحيته بيضاء من الدقيق، وأضحك عليه دون انتباهه، ضحكة األطفال الخبيثة تلك، ويمضي الرج ،ل .",3
"وأمضي أنا وطوابير أخرى كثيرة في ذاكرتي، منها طوابير المياه التي سمعت عنها قصصًا كثيرة ف ي أماكن اللجوء في فلسطين وأخرى في أماكن اللجوء في لبنان.",3
"مع أن البالد غنيّة بالميا ه، ك يف لها أن تبخل على أبنائ ها، كيف لمنا!",3
بعها أن تشُحّ عليهم؟,3
"طوابير طويلة يصطف بها الناس (غالبًا األطفال) عند بئرٍ أو نبعٍ أو بحيرة، كل ي حمل ""اللجن"" في كل يدٍ وينتظر دوره ليأخذ حصته من المياه ويحملها عائدًا ألهله ليكفي كل منهم حا جته.",3
"مياه الشرب هي ذاتها مياه الطبخ هي ذاتها مياه االستحمام هي ذاتها مياه الغسيل والشطف والتنظ يف، وأيضًا قد يكون بعض منها شربة ماءٍ لبعض األعشاب أو النباتات المنزلية التي زرعها أهل الخي.",3
"ام بالحديث عن طوابير المياه، أتذكر أحد هذه الطوابير التي سمعت عنها حديثًا وتعجّبت، فقد كانت مختلفة عن غيرها من طوابير المياه، هذه المياه كانت ممزوجة بدم الفل .",3
"سطينيين، إنها مياه تل الزعتر أحد القصص التي ترويها الحاجة عائشة محمد فرحات في مقاب لة أُجرِ يَت معها كنتُ قد ُشاهدت ها حديثًا في أرشيف النكبة: تسرد الحاجة ذكريات السنوات األولى بعد النكبة من التهجير حتى الوصول إلى لبنان؛ حيث ا.",3
"ستقروا بداية في مخيم تل الزعتر2 2 فلسطين، أرشيف النكبة-حيفا-، الطنطورة 1922 عائشة محمد فرحات، مواليد .",3
"
ثم تنتقل لحياتها في مخيم تل الزعنر وتقول ""آسينا بلبنان أكثر ما آسي نا بف ل سطين، شوفي قد ما صار بفلسطين بس ما آسينا فيها قد هون، شهرين محاصرين، شرٍ بنا الوحل، شربنا الدم، يروحوا الشباب تيجيبوا مي من البير يطخوهن ييجوا يوقعوا بالبير، يصفّي دمهن بالبير، يجيبولنا المي ،بالجلَنات.",3
"نعبي هالجلن ونجيبوا يطلع أحمر أحمر دم ونشربوا من العطش، شربنا وسخ القنوات ""هاي المي اللي بالقنوات، نعبيها ونييجي نغليها ونشربها.",3
"ياما آسينا أقول، يعود الدم ألص!",3
"حابه، ولكن ليس هكذا!",3
"ليس شربًا مع أني سمعت الكثير من الروايات الفلسطينية المو ًجعة، وغالبها كان أكثر إيالم ا من هذه، لكن ال أعلم لماذا وقف الكالم وانتهى عندي عندما أرد.",3
ت أن أعلق على هذه القصة تحديدًا لذا ٍسأكتفي بهذا .,3
"القدر من الكالم عن طوابير المياه وأنتقل لطابورٍ آخر موجع الكالم، أعلم، أعتذر عنه.",3
"ليست سوداوية، ليست سلبية مفرطة، ل ،يست أوجه من الدراما والنكد لكن ال يمكن للفلسطيني أن يكتب دون أن يمرعلى بعض جراحه، ال يمكنه أن يبتدع حياةً أخرى غير حياته، ال يمكنه أن يمحو تا.",3
"ريخه أو حتى أن يغيّر من مالمحه لكن مالمحه شاملة، في ها من األسى كما فيها من األمل، ف بعد أن اتضحت مالمح النكبة و تم ثلت في نفوسنا و واقعنا المشهود، كان ال بد من وجود بصيص أمل يبعدنا قليال عن طوابير الذل؛ إن ها طوابير ال اآل ف من المصلين في المسجد األ قصى الذين كان من بينهن .",3
"جدتي ام عمار في زيارة لها من30 سنة، حفظتها في ذاكرتها مجسدة بأد ق تفاصيلها، ترويها لنا دومًا، تت خيلها من جديد، مع ذات االنفعال، وكأنها تعيشها اآلن وكأن شعورها هو.",3
"ذاته حاضرًا في لحظات السرد هذه ننتظر هذا الحديث دومًا، نتجمع نحن األحفاد حولها لنسمعه، لتملي علينا ما شاهدت وما تركت في نفسها التجربة من مشاعر وصور، وال نمل هذا الحديث، في كل مرة تعيده وكأن ها المرة األولى، لنا .",3
"ولها تصفه ا ،جدتي طوابير االنتظار للدخول للمسجد األقصى المبارك، الثانية فيه كما السنة، الوقت يمر ببطئ، يموت، ونحن نموت لهفةً، إنها لحظة اللقاء األو لى، لقد كان حلم العمر، انه حقيق ،ة اآلن ٍّتفصلنا عنه بضع أمتارٍ ودقائق قليلة طويلة وطوابير تفتيش من عدو محتلٍّ خائفٍ من مصلي أعزب ال يملك سوى الدعاء واإليمان في قلبه، ال يعلم المحتل أن هذا اإليمان أخط ر .",3
"في هذه الطوابير تسمع وترى الكثير، في الوجوه واألصوات واألحداث أحدها حدث تكرر جدتي سرده دومًا لتنهي حديثها بجملة واحدة ""هدول جبنا، بكل أس لحتهن بيخافوا منا.",3
"سأروي القصة كما هي على لسان جدتي، تقول: ""أول شي رحنا عالقدس كرمال نصلي بالمسجد األقصى، بدنا نفوت واليهود واقفين عالباب.",3
"في طالب كان حامل شنطته حطها على جنب كرمال يفوت يصلي، بس اليهود كان الجبن والخوف معشش بقلوبهن لدرجة انو شنطة لطالب مدرسة استفزتهن.",3
جابوا أشرطة السلكية وسحبوا الشنطة لبعيد واستدعوا قوات خاصة بالمتفجرات.,3
"نحنا ضلينا واقفين مكانا، بس اليهود صاروا ينادونا ع مط رح تاني ويقولولنا ""كوم كوم"" ورجع ونا لبعيد.",3
فتحوا الشنطة القوا فيها كتب وتياب للطالب.,3
نحنا صرنا نضحك عليهن انو أديه ه ني خافوا وكانو جبنا واحنا ضلينا واقفين .,3
"""عادي لن أعلق على هذه القصة بأكثر مما قالته جدتي، كالمها اختصر الحديث، لنعلم وليعلم الجميع من هم أصحاب األرض الحقي ق.",3
"يين، المشهد هذا وحده كفيل ليقول للعالم من هو المحتل والمعتدي والسارق
،بالحديث عن طوابير األمل هذه، هناك طابور آخر تذكّرته حتى ال يقول عن ""ي القارئ ""كتلة نكد سأمر على هذا الطابور أيضًا.",3
"انه طابور االستقبال، بل في الحقيقة لقد كانت طوابير استقبالٍ وليست طابورًا واحدًا.",3
"جمع الطوابير في األفراح ومفردها في األتراح إن كان له داللة على شيء، فهو تذكير بأنا نحب الحياة ما استطعنا إليها سبي.",3
"طوابير اإلستقبال هذه تحدث عنها جدتي عند دخولهم إلى قريتهم في حيفا، هي وجدي تصف جدتي :مشهد االستقبال المهيب هذا عشرات بل أظنها المئات من الم تس قبلين المهنئين بقدومنا، وكأن في قدومنا ريح من ريح ال عودة، وكأنه مشهد مصغّر.",3
"األقارب و الجيران واألطفال والكبار وذويهم وأقارب األقارب ومعارفهم ، عرفنا منهم القليل ولم نعرف الكثير، لكن تعارفت األرواح وجمعتنا هذه .",3
الفرحة كما تجمعنا األحزان دومًا .,3
"هي وحدة الشعور، تراها في كل أوجهها تجمعنا وتقربنا الزغاريد واألهاز يج وزمامير السيارات، كل في الشوارع يحتفل بق.",3
"دومنا وكأنها زفة وليست استقبال تقول جدتي ""حسينا حالنا كإننا عرسان جداد""؛ ال بل كانت فرحتهما أكبر من فرحة زفتهما األولى ُعند الزواج، فهنا قد ك تبا زوجَي ّن من جديد وزف.",3
"ا كعرسانٍ على أرضهما ال أظن أية فرحة أخرى في ،الحياة قد يمر بها اإلنسان تضاهي هذه الفرحة، الحب واألرض المعنى التمام والكمال الوحيد .",3
"لإلنتماء، اإلنتماء للشخص والمكان والشعور بعد كل هذ ه الطوابير، أتخيل شكالً آخر لها، النهاية مختلفة، النهاية لنا.",3
"النهاية هي طواب ي ر التحرير طوابير العودة طوابير ""االنتصار طوابير االستقالل؛ استقالل فلسطين عن كلمة ""محتلة التي الزمتها في نشرات األ خبار وعناوين الصحف وكتب المدارس حتى القصص و.",3
"الحكايا طوابير ذليلة إل جالء المحتل حتى آخر جندي جبان عن أرض الوطن، عن أرضنا الحبيبة فل.",3
"سطين هذه الطوابير مختلفة، في الوجوه والشعور والمسير، في سرعتها وشدتها ولهفتها، ستكون حتى وطأة القدم فيها مختلفة، وطأة قدم خفيفة ال ي.",3
"ثقلها كاهل الزمنا كل هذه السنين ثقل وطأة األقدام في طوابير النكبة وانحناء الظهور وانكسار األنفس، ستكون كلها م اضيًا نرويه ألحفادنا ونحن هناك طوابير على األرض.",3
"ط وابيرت تغنى بجمال سور عكا وأخرى تصطف ل تذوق طعم برتقال يافا ، وأخرى تتزاحم في ،األسواق لتشتري زيتون جنين وطوابير ت ستمتع ب أمواج بحر غزّة وأخرى تتجمع في عطل األسبوع عند بحيرة طبريا، وطوابير تتزاحم كل يوم جمعة لت صلي في مسرى رسول هللا، أقصانا الشريف .",3
"أبو عادل الفاتح بقلم: عال جمعة ""آه أخوي أبو عادل هو اللي فتح المخيم، كان أول واحد هو وكانت بوابة حديد، هو جَرها.",4
فتحها للبوابة وفات أول واحد وبعدها الناس فاتت وراه.,4
""" تقول الحاجة حليمة دالل وتسرد القصة مرارًا ًوتكرار ا وكلما دخلت في حديثها إلى موضوع عن فلسطين والنكبة ًوالتهجير بكل مراحله وصوال لمحطته األخيرة، لجوءًا إلى مخيم الجليل في بعلبك، خرجت من حديثها هذا إلى ،هذه القصة بالتحديد تقولها وتعيدها بفخر مرة واثنتين وعشر وال تمل من تكرارها وإقحامها في كل حديث مرتبط بفلسطين، وكلما ذكرتها تشدّد أكثر على كالمها وتعلو بنب رة صوتها وكأنّها تزف خبر التحرير والنّصر ""آه أخوي أبو .",4
"""عادل هو اللي فتح الباب وهللا1 وصدقًا أتعجب وأتساءل، ما هي الحالة النفسيّة وراء هذا الحديث؟",4
ما هوالشعور الح قيقي؟,4
ما هو بالتحديد سبب فخرها واعتزازها بهذا الفتح العظيم؟,4
"ولست أقصد بكالمي هذا أي تقلي ل من شأن الحدث وليس عندي أي نيّة في االستخفاف، لكن ما أوقعني في هذه الحيرة من حديثها ه و التناقض بين ما أتوقعه من شعور لهكذا دخول ولهكذا بداية في حياة اللجوء وبين ما رأيته في نظرات عيون الحاجة وما سمعته من اعتزاز في صوتها.",4
أهو شعور مبطّن ظاهره يخالف داخله؟,4
أم ه و ش عور زائف مُفتعَل تخدع فيه النفس نفسها وتشتّتها بعيدًا عن عجزها وحسرتها وكسرتها؟,4
"وأفكّر في أبو عادل، الفاتح، فاتح مخيّم اللجوء، فاتح حياة الالجئين.",4
وأتساءل ك يف كان شعوره حينها؟,4
وكيف هو اآلن؟,4
"وأقول؛ هل كان يعلم أبو عادل عندما فتح باب المخيم أنه كان يفتح سجن لنا ولهم، وأن لهذا السجن حكم مؤجل إلى اآلن؟",4
وال نعلم إلى متى.,4
"ال أدري ماذا كانت مشاعر الحاج أبو عادل عندما فتح باب المخيم، ولكني أكتب اآلن و أفكر وأشغل ضروب الخيال وأحاول أن أكون مكانه وأراه من الداخل والخارج ألتوقع ما كانت تلك ا لمشاعر؟",4
"أهي مشاعر مشا عر فرح، فخر واعتزاز مثل أخته؟",4
أو هي مشاعر حزن وخيبة؟,4
"أم أنها مشا عر ًاطمئنان وراحة عن تلك األيام واألسابيع والشهور التي عاشوها خروجًا من حيفا مرور ا بكل محطات التهجير وصوالً لسجننا الحالي، راحة من الخوف والجوع والتعب، من المرض والفقد، ف قد الروح ّواألرض والهوي ة.",4
"بينما أحاول أن أستحضر مشهد الفتح والدخول هذا، طرأ لذهني مقطع للشاعر محمود درو يش، يقول فيه: ّوقد فت شوا قلبَهْ، فلم يجدوا غير شعبه وقد ف تشوا صوتَهُ، فلم يجدوا غير حزنه ّوقد فت شوا حزنَهُ، فلم يجدوا غير سجنه وقد فتَّشوا سجنَهُ، فلم يجدوا غيرهم في القي ود.",4
"1 مخيم الجليل، مقابالت أرشيف النكبة-الوفاء للمسنين ، دار2022/11/18 بتاريخ فلسطين، مقابلة-، حيفا1944 محمود دالل، مواليد حليمة
أتوقع في كل اللحظات بأن الحاج كان قلبه يقول ش عبي شعبي شعبي، وهو يتقدمهم، وكأ نه قائد هذا المسير، وكأن بين كفَّيه تعويذة النجاة.",4
"يقول شعبي ألنه يشعر كما هم، ألنه يعلم مدى القسوة والمشقة والحزن الذي عاشها هو وعاشها شعبه، فكان كل همّه أن يحصل على مأوى لهم ول ه.",4
"وعندما فتّشوا صوته فلم ي ج دوا سوى الصّوت الذي حفظه من أول مرّة عندما فتح البوا بة وهو ""ترررررر"" فكانت مأساته في كل يوم ألنه لم ينسَ هذا الصوت الخالد في عقله، الصوت الذي الحقه .",4
"كل هذه السنين وأصبح جزءًا من حياته، كما المنبّه.",4
يذكّره ك ل يوم بلحظة اللجوء ا ى ألول.,4
"واذا أردنا أن نتحدث عن الفرح والسّعادة، أو الفخر واالعتزاز المفتعلَين، ال أظن ها مشاعر تستحق ا لذكر والحديث، ال أظنها سوى محاوالت بائسة خاسرة في حديث الحاجة حليمة، محاوالت لتعويض .",4
"النفس عن خسارتها، لتجنّب الحديث عن شعور اإلذالل واستبداله باعتزاز غيرحقيقي ول كن ال ضَي ر ، أظنها كغيرها وكما نحن، تحاول الفرار من المواجهة ، مواجهة حقيقة الشعور، با لذات ذإ ا كانت كما كان حينها، شعورالضعف والعجز.",4
"هذا الحزن والكسر، هذه الحسرة التي رأيتها في عيون الحاج أبو عادل عندما شاهدت مقطع ڤيديو له، يتحدث فيه عن هذا اللجوء.",4
"ورأيت دم عة على طرف ا لعين يحاول أن يباغتها كي ال تسقط من ه ّحرجًا، ورأيت هذه الغصة األليمة وسمعت هذه الغص ة التي تسمعها َفي ح ش َجة ر أصواتهم كلما تحدّثنا ألحد منهم عن نكبتهم التي تشابه في الشع ور نكبتنا والتي تخالف في الشكل نكبتنا.",4
"وأعلم هنا، يقينًا، بأن المخيّم كان سجن لنا ولهم، بأنّا وهم، مقيّدون بأتفه األ ،شياء، بأبسطها وأعقدها وأن هذه القيود تحاصرنا كما هم.",4
"وأنا ّنبحث عن أي منفذ، أي منفس، وأي سبب أو مبر ر كي نُبقي على بعض األمل…أمل العودة، أمل الحريّة، أمل أن تنحل كل هذه القيود من أيدينا ،أم ل أن تُمحى هذه األصوات من ذا .",4
"كرتنا ليس وحده أبو عادل الفاتح من تالحقه أصوات، جميعنا الحقتنا وسكنتنا وأصبحت كما ه ،و حاله .",4
"أصوات تصفنا، أصوات تشبه ماضينا، أصوات تسكن حاضرنا، أصوات أصبحت جزء من وجودنا صوتٌ آخر الحق أيضًا الحاج رجب المصري، صوتٌ يحدثنا عنه بعد مضيّ سنواتٍ عليه.",4
"أظن علينا أن ن تب دع نظرية جديدة متعلقة بعلم األعصاب وخاصة بالفلسطيني وحده، هو أن أقوى حواسه هي حاسة السمع وأن ها أكثرها ارتباطًا بالشعور والوعي واإلدراك، نحن الفلسطينيون ندرك هويتنا باألصوات الخالدة فينا، نحدد من نحن، ومن كنا ومن عل.",4
"ينا أن نكون وكيف علينا أن نكون2 بالع ،ودة إلى رجب المصري صوت أزيزٍ رافقه ألكثر من ستين سنة، لم يكن أزيز بوابة كما الحاج أبو عادل، بل كان صوت قفلٍ أحكم ب ه الصهاينة إغالق محل رجب المصري، وقد كان فاتحًا هو اآلخر، فاتحًا لمحله، آخذًا إياه ومستردًا حقه بالقوة.",4
"حيث كسر قفل المحل بـ ""الز ر ًديّة"" مشبه ا إ ياها بالـ""بانسه"" وانتقل للعيش فيه هو وامرأته قائالً لها ""فوتي، هلقيت بيجي الض ابط بحبسني، فوتي، واذا قالولك اطلعي اوعِك ترضي، اوعك ترضي، موتي هان.",4
قالتلي حاضر.,4
""" أتى بعدها الض ابط 2 فلسطين، أرشيف النكبة-غزة ،1918 رجب عيد المصري، مواليد ",4
"
اإلنجليزي موبخًا إياه وهو يقول:""كيف بتستحل محل بالشارع العام"" ليرد عليه رجب ،""المحل ملكي ّإلي هذا.",4
""" أخذوه بعدها للسجن، بي توه في النظارة وبعدها عرضوه على المحكمة ""حطوني في قفص .",4
"""قدام الحاكم وبعد تدخل من جمعية اإلصالح الخيرية التي كان رجب عضوً ا فيها، طلب الحاكم منهم مبلغ100 جنيه (سرقة أخرى بعد سرقة المحل واألرض والبلد)، خرج رجب بدفع مبلغ كفالة مع .",4
"ضمان حسن سلوك لستة أشهر أن يدفع صاحب األرض ثمنًا ألرضه، مرة واثتنين وألفُا.",4
"أن يدفع ثمنها من ماله ونفسه وأهله، من .",4
"جسده وروحه أن يرى البالد تنقسم أمام عينيه، أن يراها توزّع بينهم، أن يرى سارقيها يحاسبونه على ملكه فيه، على أكله فيها، على رزقه فيها، على نفسه فيها.",4
"ورغم ذلك يقول ال مساومة، ال تنازل، إما نحن أو نحن أو نحن، وال غيرنا أبناء هذه األرض.",4
ال غيرنا يفدي حجارها بروحه وبولده .,4
"وأهله أحاول أن أضع نفسي مكان رجب المصري، لو منعني المحتل عن باب رزقي وطالبني بالمال للوقوف على مُلكي وأغلق عليّ األبواب، المداخل والمنافذ، لو سرق أملي ،وحلمي، لو سلب حريتي لو وضعني في قفصٍ وألقى أحكامه عليّ، أنّى لي أن آتي بقوّ ةٍ أقف فيها بوجه هذا المحت ل زائرًا في وجهه، أصرخ وأقول هذا حقي، إ!",4
"نه ملكي، إنها حريّتي وهذه أرضي؟",4
"،تخيّل معي: تفني عمرك، وقتك وجهدك ليكون لك بضع حيطان تأوي إليها وتسكن إليها روحك ت صبح هذه الجدران كما أوالدك، نصيبًا لك من الدنيا أنت سعَيت إليه وتعبت ألجله.",4
يأتي بعدها سارق يعتدي عليك ويخرجك منها ويحرمك سكينة روحك.,4
ثم بعدها يساومك عليها ويعرض عليك أن تشاركه بعضًا منها لكن مقابل مالٍ ال يُشبِعُ طمعه.,4
ثم تدفع من جديد في ملكك هذا لتقاسمه مع السارق.,4
"ثم من جديد، يتكرر السيناريو ذاته، يسرق السارق، يساوم السارق، يدف ع المالك، يأخذ المالك .",4
"حصة من حقه ثم يُسلب منه من جديد هي ليست قصة رجب المصري وحده، هي ق صة كل أهل األرض، هي قصة كل الذين سُرٍ قَت .",4
"أراضيهم وأحالمهم وآمالهم ِهي قصة الفلسطيني الذي بق يَ على حافة االنتظار، الذي أبقى أمالً واحدًا .",4
"لم يتخلّ عنه حتى وإن أثقل صدره، لكن يبقى أخفّ عليه من التسليم والقبول هذا هو الفلسطيني األصيل، هذا هو ابن البلد الحقيقي.",4
"وال أقصد بكالمي هذا التمجيد من شعبي أو اصطفائهم جميعًا، أعلم أن منهم الخائن والبائع، لكن ّمتى حل ت عليه هذه الص ف ة لم يعد منا.",4
"ليس منا من ِباع أرضه، م نّا من ،اشترى أرضه منا رجب المصري ومنا كل من كانت له األرض أغلى من .",4
"المال والنفس والولد ليس منا البائع والخائن، يتذكر رجب المصري من باع ويغني ما ك ا نت تردده األسطوانات من أغاني عن كل من باع أرضه، عن :علم أو جهل ""بعت أرضك شو فادك إرث أبوك وأجدادك قلها مش عارف هالسمسار انو قلبه وجعه نار بلفني وبيّعني األرض
وخالّ أحوالي بالنار تصير :مرته تقلّه السماسرة الخاينين.",4
م ا عندهم ذمة وال دين بيعونا أراضينا.,4
"مهد الرسل فلسطين"" يٌكمل رجب المصري حديثه: ""هذي األ سطوانة كانوا يدوروا عليها اليهود ويدفعوا فيها مصاري .",4
"""ويكسروها .",4
"هكذا سياستهم، ما ال يستطيعون سرقته، يدمروه ُأ ِكم ل مع ر جب المصري الذي ته جر مع عائلته من حيفا إلى غزة بعدما أُجبرَت الناس على الفرار مقابل أرواحها وأرواح أبنائها.",4
"في البداية ت رك رجب زوجته وأبناءه في غزة وكا ن يمضي معظم أيامه في محله في حيفا ويزور عائلته كل شهر يومين في غزة ، حتى لم يعُد باإلمكان ووق ع المصاب على كل أهل فلسطين واضط .",4
"ر للفرار بعائلته مع مئات من الناس بالبواخر إلى لبنان ""كانو فوق راسنا، احنا تحت ع شط البحر وهم فوق راسنا، من اليهود طلعنا، مين بهرب من بيته وبدشره!",4
"وهو يتحدث عن مرحلة التهجيرهذه، من جديد يٌشير إلى حيفا وكأنه يرجو لو طال الحديث عنها وتوقف عندها، لكن لم يَعُد للحديث عن حيفا بقيّة سوا كالمه: "" يا حسرتنا عليها بلدنا حيفا، كانت جنة الفردوس، يا حسرة عليها حيفا، يا حسرت نا عليها حيفا وكل فلسطين"".",4
"انتهى الكالم عنها عند آخر نظرة ، ّعند الرحيل، ""من غزة، مركب أخدتنا مغر بين، رمتنا بين صيدا ،وصور، رمونا بالليل، ومرقنا عن حيفا كمان بالمركب"".",4
"""من حيفا ما طلعنا شي، حيفا كلو راح راحوا.",4
"أخدوه، استحلوه"".",4
"يقول رجب المصري اعتبروا المحل والبيت وكل حيفا أمالكًا للغائبين ،وأخذوها.",4
ما بقِي منها بَقِي فقط في عيون رجب المصري وفي ذاكرته.,4
أمالك الغائبين الحاضرين .,4
"األمالك التي الحقتهم كاألشباح كما الحق صوت بوابة المخيم الحاج أبو عادل ومضت الحياة، حياة جديدة، لم يعد رجب المصري مالكًا ألي أرضٍ وطأ تها قدماه منذ آخر لحظة كان فيها على موعد مع حيفا، محبوبة قلبه.",4
"كنت أتساءل دومًا كيف استطاع من عاش النكبة وفقد ما فقد فيها، أن يعيش ما بعد النكبة ، أن تكون له حياة جديدة، حياة مخ تلفة، حياة فيها من السعادة نصيبًا .",4
"كما الحزن أظنني وجدت الجواب اآلن، أظنني وجدته عند رجب المصري كما عند أبو عادل الفاتح.",4
"هي غريزة البقاء، ونحن الفلسطينييون قد امتهرنا ها .",4
"ًحتى لم تعد غريزة فحسب، بل أصبحت هدفًا وغايةً وحاجة في الحقيقة ، أنت لست مخيّر، أن تكمل الحياة أو تقف، أن تعيش وتبني لك حياة جديدة ليس خيارًا أو قرارًا قابالً للن ٌقاش، هو فرض، هو واجب وحل وهو وسيلة وحيدة لك، ولن يبرع.",4
"بها أحد كما أنت كفلسطيني، عليك أن تتخلى عن ضعفك البشري وعجزك، عن مشاعرك المرهفة، أو أقلها تخفيها وتتناسى وجودها، أن تعلم أنها تعيق قدرتك على البقاء، وأنت وُ لِدت لتبقى، ولدت ألن لك أرضًا سُرقت عليك است عادتها، وُ لِدتَ ألنّ لك حقوقًا استُبيحت عليك استردادها، وُ لدت لتعيش وتبقى وتجدد .",4
النسل وتعود وتعيش,4
حنين بقلم: عالء سكري معقو!,5
ل االنسان يحن لشي ما بيعرفه حتى؟,5
ما بعرف ليش دائمًا هالسؤا ل براودني كل ما بسمع كالم أمي وأبي و إخواتي الكبارعن بيتنا بالشام.,5
بس أكتر شي معلم بذا كرتي هو حوار صار مع مرا من قرية لو بية قضا ء طبريا اسمها عايشة الزين1 .,5
"كان الصحفي يللي عم بعمل معها المقابلة عم بسألها، وكانت عيونها فيها الخجل و الحيا يللي بيتناسب مع مرا عاشت بقرية صغيرة ما تعلمت و ال دخلت مدارس وعاألغل ب كل اللي تعلمتو تعلمتو من بيت أ بوها بو يت جوزها.",5
يعني هالشخصية ا للي ممكن ما يكون في بدفترها غير عمل البيت و ترباية الوالد كيف ب دها تواجه كاميرا للمرة األولى !,5
الالفت بالموض وع كان إنو الجواب ع قد السؤال والعيون ملبكة.,5
و فجأة لما يسألها : متذ رة ك ب يتكو بفلسطين ؟,5
ما كان وقتها بحاجة ليسأل أي شي عن الب يت إلنو فجأة اللسان انفكت عقدته.,5
وصفتلو البيت وشو في قداامو و اللوزتين ي للي كانت معلقة عليهن مرجوحتها والغرفة يللي حد البيت و اللي كان أبوها يضب فيها البضاعة يللي بتاجر فيها و المغارة يللي ورا البيت واللي كانت تجمع مية الشتا والمواشي تشرب منها وحكت وحكت وحكت.,5
و الكلمة اللي وقف عندها الصحفي وقاطعها عندها كانت لما قالت : هو ال بيت كان كلو غرفة واحدة بس كبيرة.,5
و لما البيت يكون كلو على بعضو غرفة و ي حمل معو كل هالحنين و ل معة العيون بس ت تذكره معناها ا لقصة مش بعد د الغرف وال بوسعها و ال بالج نينة الكبيرة وال بأيا شي من هاد.,5
القصة بالمفهوم.,5
بحالة اإلطمئنان يللي بيخلقها وجود البيت بحياتنا .,5
"غالباً بيسموه اإلنتماء، هو ا إلنتماء.",5
كان بيتنا بالشام عبارة عن بيت صغير قدامو حقول خ ضرا بتلمع ت حت الشمس وبالرغم من أن الظروف أ جبرتنا على الرحيل عن البيت و كنت كتير صغير وقتها بس بتخيل بعض التفاصيل من يللي بسمعو من روايات أب ي وأمي وأخواتي الكبار.,5
أنا بعرفو من كالمن عنو من وصفن إلو بس و .,5
أما موضوع شو بشعر تجاهو فبكل صراحة ما بشعر بشي يمكن إلنو الموضوع هون بيختلف عن فكرة ا لحنين للوطن المجهول يللي بتنطبق على جدي ًمثال.,5
"1 فلسطين, أرشيف النكبة-طبريا-, لوبية1932 , مواليد عائشة محمد الزين ",5
"
الحاج حمودي السع يد2 لما كان عم يحكي عن التكاتف والتكافل بقريته وعن خير األرض الكتير فجأة و كأنه حن ،هون ال م صطلح األنسب هوي انو ""حن"" فقال: "" لو بصير عندك قصر هون (مكان لجوءه خارج )فلسطين) وهناك (بقريته بفلسطين كوخ ، ا.",5
"لكوخ أحسن من القصر قديش غريبة المفارقة بين هون وهناك و يا لطيف شو بتتكرر معنا احنا الفلسطينية أو قول العرب بشكل عام، إلنو هأل تذكرت عبارة مرت بمسلسل سوري عن األحداث بعد2012 كانت فيها البطلة مجتمعة مع رفقاتها وصحابها السوريين ببيروت ؛"" قالتلن بس نحكي عن الشام ما فينا تقول هنيك ألنو بحس لما بدي احكي عن الشام ما فيني اال ما قول هون""، و بك تي.",5
هل أنا اليوم هيك بحس ؟,5
يمكن عن جديد بلشت أشعر بالحنين لبيتنا بالشام .,5
إلنو لو تقاطعت هجرتنا بهجرة ا لسوريين بضل الفلسطيني إلو أصل وسبب تاريخي ألي كارثة بتصيبو وهي الن.,5
"كبة ًيعني مثال، أبي عاش دوره كإنسان فلسطيني من خالل تجربة األسر باجتياح لبنان1982 .",5
"ما بعرف أ ديش بجوز نعمل إسقاط أو مقارنة بي ن تجربتي مع الشام وتجربة أبي مع قريتنا بفلسطين، و عم بقول قريتنا إلننا بعدنا لليوم منعرف عن أنفسنا بإننا فلسطينية بس بضل التكرار أو خليني سميها استمرارية النكبة هي سيدة الموقف.",5
"يمكن بالنسب ة إلي جدي عاش الهجرة من طبريا و أبوي دفع ثمن فلسطينيته بال82 باألسر وأنا هأل دوري أدفع، لي و كني عم إدفع بسبب الحرب بسوريا و يمكن خسرت أول معركة من ا لمعارك يللي بيعيشها الفلسطيني و يللي هيي معركة عيش طفولة طبيعية أو يمكن الفلسطيني بكل مكان بيوص لله بضل في حساب بيندفع من دمه ومن تعبه .",5
تجربتي بالتهجير للبنان واإل ذالل اللي عم عاني م نو هي امتداد لهجرة جدودنا بال ـ48 .,5
"كيف طلعنا من البيت، ًطبع ا حسب ما بيحكولي أ هلي كيف توجهنا لبيت عمي بعدين و هايمين ع وجوهنا وصلنا للحدود االردنية اللي منع تنا ندخل مع انو عماتي يعني خوات و ألبوي دخلوا عادي، من ثم كانت المحطة األخيرة لبنان، أو خليني أقول المحطة األخيرة لحد اآلن.",5
كل هاد سيناريو مكرر .,5
"يعني إذا بدي أرجع لكالم الحاجة عايشة الزين وكيف وصفت خروج أه لها من لوبية بحس عم تحكي عني و ع أه ن لي بالفترة اللي "" :مرقت.",5
هي بتقول أ ول ما بلش الضرب يقوى ابوي هرب فيتل ع قرية بحدنا اسمها نمرين و بتنا فيها خمس ليالي بعدين عاودنا عالبلد بس بعدها ب سب أ وع طلعنا من البلد (نهائياً يعني).,5
""" و هون الحاجة عايشة بتتغير مالمحها لما قالت وع: يونها مليانة حسرة ""و هللا بعدني بتذكر كيف أبوي وقف قبال البلد بعد ما طلع قلها آاااخ 2 فلسطين، أرشيف النكبة-طبريا-،لوبية1928 حمودي سعيد حسن، مواليد https://libraries.",5
"
اااخ احنا نوينا عالسفر و بخاطرك يا بالدنا هيهات عاللي عاد يعاود عليكِ يا فلسطين .",5
يا لوبية وهياه ما عاود.,5
""" هي الوقفة هي نفسها يللي وقفها أبي و وقفناها كلنا عالحدود اللبن انية السورية .",5
"و أكيد قلنا هيك اذا مش بلساننا بسرنا و روحنا هيك بتكون قالت ""هيها ت عاللي بيردعلك يا بيتنا بالشام"" أنا عن نفسي و بعد تجاربي يللي عم عيشها هون كفلسطيني سوري فيني قول اني أبلشت حن لبيتنا بالشام إلني هأل حسيت بشعور أبي تجاه البيت يللي ما شافو بطبرية .",5
الظروف ال قاسية بتخلي الواحد يعيد حساباتو .,5
إنو باهلل كيف عمي الفلسطيني اللبناني بكون عندو امتيازات اكتر من أبي الفلسطيني السوري و األحسن منن تنيناتن عمتي يللي مع ها جواز أردني مع انها كمان اختن.,5
"مو شي عجيب انو صاحبي و جاري بمخيم الجليل يللي عم بدرس معو و طول نهاري معو و حتى لهجاتنا بتشبه بعضها ، هوي عادي يتنقل بهويته و أنا إلني فلسط يني سوري الزم جدد إقامتي كل شوي.",5
إنو مين بجدد إقامته بمخيم .,5
"يا ًناس المخيمات شي مؤقت بالحياة وليست هدف ا يُقصد، شي طارئ.",5
بس يمكن نحنا ا لفلسطينية مكتوب علينا ما نستقر و نعيش و نموت بحالة طوارئ.,5
الدخان فالخبز فاألسالك الشائكة بقلم: أحمد سكري عم بمش.,6
بعدني عم بمشي.,6
"والمسافة للملجأ مش قصيرة أبد ا، خاصة لما تركض و عامل الوقت مش لصالحك والخسار ة بهالموضوع بالتحديد بعني حياة أ و موت أ و عاأل قل إصابة وممكن تكون إصابة شلل، يعني عاهة مستديمة .",6
بعدنا ما حكينا عن المصير المجهول اللي ممكن اإل نسان يقع فيه.,6
المصير المجهول؟,6
يمكن بهداك الوقت ما كنت عم بفكر اني ممكن أخ سر البيت اللي ربيت فيه و عشت فيه طفولتي.,6
و ما كنت بتوقع انو بيوم من األيام رح يصير هيك.,6
بالزبط متل ما كان جدي طالع ومش عارف وال متوقع انو ترك قريته وما عاد يرجع يشوفها.,6
بس عم بتذكر مشهد تيم حسن ؛ األستاذ علي .,6
مشهد الهروب من القرية بمسلسل التغريبة الفلسطينية .,6
الهجرة الكبرى بين القرى كلمة.,6
"كلمة واحدة بس، ""ممكن توصف شعوري وشعور الشخصية بهداك الوقت: ""خوف .",6
"هاي الكلمة بتعبر عن كل شي، أو باألحرى درجات الخوف، إلنو أكيد خوف األطفال للوصول للملجأ ممكن نسميه ذع ر بس خوف الرجل المسن إسمو حزن وخيبة وكسرة نفس .",6
تمام ا متل مالمح وجه خالد تاجا بالتغريبة بنفس مشهد .,6
الهجرة أكيد جدي كان عم يهرب من قري تو بفلسطين خايف من نفس األسباب يللي أنا كنت هربان منها.,6
بالشام كتير مرات بسمع من ختايرة كبار انو ا حنا كنا خايفين عالنسوان والوالد.,6
"بالزبط ، احنا مش بس كنا هربانين من الموت، احنا كنا خايفين من الفوضى.",6
الفوضى يللي بتطلع كل الوحوش الموجودة فينا وما فيها تطلع بالحالة الطبيعية.,6
"فوضى بسبب صهاينة جايين من خلف البح ار خاف منها جدي ع نفسو و ع عرضو ، هي نفسها الفوضى يللي كانت عم بتركضن ي بسبب جاري اللي ساكن معي بالحي.",6
"برجع بقول عن الحالة، ما بتنوصف إال بكلمة واحدة: الخوف.",6
"بلحظة، بعد مشاهد تلفزيونية كتيرة عن الي صار وعم يصير بسوريا، كانت مكبرات الصوت بالجوامع كفيلة ب تعريفنا بالمسمى الحرفي لخر اب البيت، يعني الطلعة من بيوتنا.",6
"بعد ساعة تحديد ا بلش قصف ما معروف ،مصدره وجهته فوضى وبس، ما فيك تتوقع وين األمان.",6
"وبعد أربع ساعات، بلشت رحلة بما يسمى رحلة خراب البيت، صرنا نتنقل من بيت قرايب لبيت ثاني، لنالقي مكان آمن بس لألسف كن ت حس حال ي بسيارة وأنا عم بروح لكل بيت و آ خد الناس لنطلع على هاي الرحلة، النه كلنا اتجهنا وصرنا عم نركض لنحمي حالنا بالملجأ ال ل،ي كنا مفكرينه هو المكان اآلمن، بس لالسف ما كان في شي آمن.",6
"بس قبل ما أحكيلكم لي طلعنا من الملجأ لا زم أ حكي عن الطريق للملجأ، مشهد كأنه يوم القيامة من ذعر وخوف بوجوه و عيون الناس، بس كل الكل مات والعبارات ما ممكن توصف المشهد، بتركض بس المسافة بعيدة بتركض بس انت بتحس حالك تقيييلللل، تقيل بهمك وحزنك وخوفك وذ عرك، تقيل بتفكيرك شو بعد رح يصي ر ، تقيل لما تشوف مرة طالعة بال حجاب ناسية حالها من ،خوفها شو في أكبر من الموت ؟",6
وأم عالطرف الثاني عم تصرخ أن ا نس ي ت ابني بالبيت!,6
"األ م اللي مست عدة تعطي ابنها الحياة وأيامها و ك ل شي معنوي أو مادي ، بلحظة بتفقد اإلدراك و بتر كض لتنجو بنفسها ،بس يبلش يرجع و عيها بتفطن انو رضيعها مش معها بتصرخ بدي ابني جبولي ابني .",6
هون مش محتاج كتير أدور بذاكرتي عن مشهد مشابه .,6
"أول شي خطرلي بس شفت المرا كان مشهد أم سالم كمان
بمسلسل التغريبة و خطر ببالي خلدون أيقونة الطفولة الضايعة ب النكبة .",6
خلدون يللي قرر غسان كنفاني برواية عائد الى حيفا يتركو بالبيت بحيفا و يضيع و يصير اسمو دوف .,6
ذ بت كر لما ستي شافت شخصية أم سالم صارت تبكي .,6
تاري القصة صارت فعال أثناء النكبة ومع أ كثر من أم ؛ هربت وأخدت ال مخدّة بدل إبنها.,6
"قال و أنا اللي كنت مفكر انو الدكتور ولي د سيف (كاتب التغريبة الفلسطينية ) و غسان كنفاني بحكم إن ن مثقف ين و بدهن شر ين وا قباحة المعاناة من ج راء اللجوء فخلوا الر واية تدور حول حدث بشع ما بصي ر إال بالخيال، بس طلع الواقع يا ستي مش كتير بيفرق عن الخيال.",6
األم سنة1948 و هيي نفسها صفية يللي عالورق وهي نفسها أم سالم عشاشة التل فزيون و÷ يي نفسها المرا يللي أنا شفتها بسوريا وقت كنت هربان و قاعد بالملجأ.,6
"أب حامل ابنه عكتفه وع الكتف الثاني حامل همو م وأحزان، تذكر ال ل ي كان يحكيلو اياه جده عن طلعتن من فلسطين .",6
يمكن إلنو األب هو دائما يللي بيحمي البيت بحس ب الخطر أكثر من أي فرد من أفراد األسرة وب شوف يللي هنن ما بشوفوه.,6
"أن و ا بنفس الوقت عم بتذكر كالم الكبار عن تهجي رن بال48 لكل هالمواقف الي ما كنت ب تخيلتها تصير معي شخصيا أبد ا، يعني تجسد الخوف بدرجاته وأنواع.",6
"ه وصلنا للملجأ، كان مكان مشبع بالخوف مشبع بالذعر مشبع برائحة الموت ال ل ي محاوطة الناس م ،ن كل جهة قعدنا يومين، وبموجز بسيط لل ي كان موجود، أكل قليل، تدفئة ما في، وبوقت قررت أ طلع نا و أ شوية شباب نجيب خبز سمعنا انه ا نقصف الفرن .",6
"بس بقصة الحاجة شيخة زيد،الللي حضرتها بأرشيف النكبة الموضوع كان مختلف شوي النو مش ا لفرن اللي انقصف .",6
الشباب يللي رج عت تجيب خب ز .,6
"هيي يللي انقصفت ف ي شاب اسمو طه ،رجع يجيب خبزألهله ا للي هربانين على عين الحوش برا البلد بس شافوه طخوه دغري.",6
هذا في علم الحرب بسموه تمشيط.,6
انك تدمر كل نقاط القوة البش رية المتبقية عند العدو المنهزم.,6
و القوة او اللي الناس بالمجتمع القروي كانت مفكرتها قو ة هي سواعد الرجال وبس .,6
طيب الرجل األعزل إال من بارودة انكلي زية شو بدو يعمل قدام هال عصابات المنظمة بأحدث األسلحة و ا لمدرعات.,6
مهي شو قصة عين الحوش ؟,6
قصتها انو الناس طلع بينا تهن خبر متل ما بتقول الحجة شيخة1: هجموا اليهود إطلعوا النسوان و الوالد.,6
"ناح سب هللا هو نفس السيناريو وين ما كان ،النسوان و الوالد.",6
بتقول في واحد اسمو سعيد الحديري هزّم مرتو ع قرية الجش ورجع لعن ا.,6
مش مهم اذا هو بيتعرض لخطر المهم المرا العرض ما يتأذى.,6
تمام ا متل ما صار معي بس رحت أج يب خب ز ألهلي بالملجأ .,6
يمكن لو سبقت شوي ك نت رحت بس ا نقصف الفرن.,6
يع ني فعال ألطاف ربنا كانت متجلية جدا بكل م كان رغم كل شي كان عم يصير .,6
"يمكن إلننا م نعتبر الحفاظ على الحياة غنيمة ،مش مهم أي حياة ، حياة اللجوء ،النزوح ،المخيمات ، المهم نجينا أرواحنا.",6
هيك منكون بخير أو هيك منتخيل.,6
"المهم انتهزنا فرص ة هدوء إط الق النار وقدرنا نطلع من المنطق ة ،و فجأه لقينا حالنا على الحدود األ دني ر ة من دون أ ي تخطيط مسبق وحاولن ا نفوت على االردن ألنه كنا بحال ة حرب ما كنا متوقعين أ و متخيلين انه يمنعونا نفوت.",6
"قعدنا حوالي الخمسه أي ام على الحدود، قعدنا حوالي خمس ايام بلياليهن على الحدود بالبرد والجوع، كل ما كنا نفوت على الحدود يحطونا ببا ص ويسكروا علينا ويرجعونا لبرات الحدود بحج’ انه احنا فلسطيني ة سوري ة وما النا حق اللجوء لدول ة ثاني .",6
"ة تعذب نا ك ت ير واحنا قاعدين على الحدود ،بلحظه من اللحظات شفت بسه قطعت الحدود وفاتت، قلت معقول صار الحيوان عنده حقوق أكتر من بني م آد !",6
"وبعد ما يأسنا من دخول دن ر األ قررنا انه نرجع بس بوقتها ما قدرنا نفكر بالرجوع للبيت ال نه بطل في بيت قررنا نرجع للبنان ، نفس 1 , أرشيف النكبة فلسطين-صفد-, الظاهرية1926 شيخة إسماعيل زيد , مواليد
العملي ة والعذاب تكرر ، إ ال انه هي المره ف تنا وقط عنا الحدود اللبناني.",6
ة دخلنا على لبنان وهون بلشت رحله عذاب و معاناة جديدة على عكس ما كنا مفكرين انه رح نرتاح بعيد ا عن الد مار والقصف والدم والحرب والتفجيرات .,6
بعدنا عم نحكي عن يلي خسرناه عن كيف هربنا وعن كثير شغالت و أه م شي عن المصير المجهول .,6
إلنو الواقع كان أ كثر ألم وتعقيد للفلسطيني اللي لجا للبنان من يلي إله عمر.,6
"عايش هون هه هه، ب تضحك هالمسميات فلسطيني سوري .",6
"فلسطيني لبناني، المهم ما في فلسطيني سادة.",6
الفلسطيني اللبناني إلو إمتيازات شوي شوي هاا أكتر من ال فلسطيني السوري اللي متل حاالتنا.,6
"و كأنه ا للجوء فيو تلت نجوم وأربع نجوم ويا ستي خمس نجوم ،بس اللي بعرفو و متأكد منو إنو النجوم بالنسبة ألي فلسطيني هي عالمات معلمة بجسمه وذ اكرتو عن كل مرحلة من مراحل نكبته المستمرة.",6
:المراجع مقابلة مع شيخة زيد,6
ام الشهيد بقلم: راما أبو نعسة في أ حد األ يام كنت أ تجول في مخيم الجليل وجدت حاجة في مطلع الثمانينات تجلس ع لى حافة الطريق ال تفعل شيئا سو ى أ ن ترد السالم على المارة و ت مطرهم بك م هائل من الدعوات اللطيفة الدا ة فئ .,7
فانتابني الفضول من تكون هذه الحاجة ولماذا الجميع يعرفها ويرحبون بها كأنها مهم أ .,7
فقررت أ أ ن ذهب إل يها و أل قي السالم عليها.,7
"عندما أل قيت السالم ،رحبت بي بحرارة و عاملتني معاملة الجدة بحنيتها.",7
"تعرفنا على بعض و كانت تدعى نعمة ديب ""ام وليد"" و بدأنا نتبادل أط ،راف الحديث بشكل طبيعي إ لى أ ن علمت بأنها أ م لشهيد.",7
لم أ صدق أن أ هللا كرمني وجعلني أ لتقي بأم شهيد.,7
"عندها لم يعد الحديث طبيعيا بالنسبة لي، بل تحول إلى إ جابة عن كم ها ئل من االسئلة تجول في خاطري عن أ مهات الشهداء و ح ياتهم، فب دأت تروي لي قصة استشهاد ابنها و.",7
"بعض المواقف التي تعيشها كأم شهيد1 "" مرة كنت قاعدة على حافة الطريق با لمخيم مكان ما احنا قاعدين اسا وتجمع حوليي مجموعة أ طفال وطلبوا مني أ خبرهن عن فلسطين و ابني الشهيد -حلوة فلسطين يا حجة؟",7
"-ال ابني استشهد بلبنان و بلشت أ حكيلهن قصة استشهاد ابني هشام وما قدر شي يوقفني إ ال الغصة لما اجيت أ"" قول استش هد هشا ""م وقتها بلشوا الوالد يهتفوا ""كلنا والدك يا حجة و""يم الشهيد نيالك يا ريت امي بدالك بعدين سألني واحد منهن ""ستي بسمع عالم بحكوا انو معهن مفتاح لفلسطين، شو هو مفتاح فلسط""ين؟",7
قلتله ال كالشن و ا لفدائي.,7
ليلة العي د الكبير1983 بالوقت اللي كل األ مهات بتحضر كعك العيد و ب تجهز ثياب أوالد هن.,7
ك نت قاعدة على سجادة الصالة أ صلي و أ دعي ربنا يطمن قلبي بخبر عن هشام.,7
و ابني الكبير وليد كان عم يحضر إكليل الورد اللي بالعادة بيتقدم مع رسالة كل عيد ألهالي الشه.,7
داء بعد شوي سمعت وليد بنادين ي ألساعده بكتابة الرسالة.,7
بلشت دور أ ع ن كلمات معبرة تخفف الوجع عن أ مهات الشهداء بس ما لقيت.,7
قررت أت خيل حال ي محل شي وحدة منهن بس ما قدرت أت خيل غياب حدا من والدي لألبد.,7
فبلشت أ كتب ك.,7
ل كلمة بتخطر على بالي ألواسيهن ب س وصلت عند نهاية الرسالة من شباب المخيم إل ى أ.,7
هل الشهيد طلب مني وليد أو قف كتابة ألنو ما منعرف ها لرسالة رح تكون من نصيب أ.,7
"ي عيلة ب س ما كنا 1 الجليل، مقابالت أرشيف النكبة مخيم-، دار الوفاء للمسنين2022/11/18 فلسطين، مقابلة بتاريخ-، عكا1942 نعمة حسن ديب، مواليد
متوقعين أ إ بدا ن الكالم اللي كتبته كان مواساة إل ل ي وانه المشهد اللي ما قدرت أ تخيله تاني نهار الصبح ر ح .",7
يتحول لحقيقة.,7
قبلها بكم شهر كا ن هشام عم يقاوم الصهاينة ببيروت وما كان يوصلنا وال خب ر عنه ألنه الطرقات مقطوعة و ما كان التواصل مع العالم سهل مثل اليوم.,7
بعد ما حاولنا كتير قدر وليد يعرف انه هشام جريح و صرله فترة بالمستشفى.,7
لما سمعت هالشي نار ولعت بقلبي دغري بعتت وليد على بيروت يتطمن على ه شام و اذا قدر .,7
يرجعه معه بعدها بكم يوم رجعوا والدي االثنين ضميتهن لصدري بس كان للمقاوم العنيد القسم األ كبر من الضمة شديته و كان نفسي أ حبسه بقلبي و.,7
يا ريتني قدرت.,7
بلش هشام يمزح و ي نكت و ي حاول يلطف األ جو اء بعد ما شاف الكل قلقان عليه وقعد يخبرنا عن مغامراته و بقي .,7
"عنا كم يوم خالل هاأليام كنت عم بحاول قد ما فيي أ منعه من انه يرجع للمقاومة كنت أق وله أ زوجه و يفتح بيت يعيش متله متل باقي الشباب و يفرحني بأحفاد يملوا هالبيت، بس ما رد، كان ع نيد مصر يكمل مقاومة مع رفقاته ، وكل ما كنت أن ق علي ه اكثر ليترك هالطريق كان يصر اك ث.",7
ر لحد ما اجا اليوم المشؤوم اللي قرر فيه هشام يرجع يتركنا و ي روح على بيروت ليقاوم الصهاينة و يمنعهن من انه يحتلوا بيروت متل ما احتلوا منطقتنا بالنكبة و.,7
"شردونا منها حاولت أ منعه بكل الطرق بس ما قدرت ، وقتها استسلمت لألمر الواقع ضميته وشميته وكان نفسي ما أ فلته بأ اد .",7
"وقتها قلي كالم لليوم بسمع ه بداني كل شوي وبحسه بين ايدي عم يحكيهن و بشم ريحته ""أمانة اذا بستشهد ما تبكي وال تشلخي حالك بدك تزغردي"" هال كم كلمة نزلو متل السيف على قلبي، باس راسي وايدي وطلع ، و من وقتها ما عر فت عنه شي لحد يوم العيد الكبير.",7
"يوم العيد الصبح ك ان المخيم هادي على غير عادته طلعت أ عمل الجولة اللي كل سنة بعملها على الجيران و القرايب طلع بوجهي رفيق ابني هشام ماشي على الطريق مثل المشردين و ببكي قلتله مالك بتبكي مثل الوالد الصغار، .",7
قلي هشام استشهد يما.,7
"قبل ما أ ستوعب اللي سمعته لمعت براسي وصية الغالي ا لعن يد ""ما تبكي و ما ت شلخي حالك بدك تزغردي، ما تبكي وما تشلخي حالك بدك تزغردي"" قعدت أ ذكر ح الي ممنوع دمعة تنزل مني، ممنوع أن هار، ممنوع أ زع ل البطل .",7
"فحملت حالي ورحت خبرت باقي العيلة ،جهزت الورد والرز بص نية ي، وحملتهن ب إي د وحملت الكالشن إب يدي التانية وطلعت ا و أن عماته نجهز لزفته لحد ما وصلت جثته.",7
"حملوه الشباب ومشينا أن ا وعماته وراهن بالكالشينات وبلشنا نهاهي و نزغرد، كانت جنازته كبيرة وسريعة كثير، دفناه وحطيت التراب ب إ يدي على قبر عيوني وقلبي و روحي هشام، دفنته ب إ.",7
من يومها و العالم ت واسيني انو الوجع بخف مع الوقت وبتتعودي و أن ا صدقت.,7
"بس بعد حوالي ٠٣ سنة اكتشفت اني ضحكت على حالي و على العالم حوليي، الوجع ال خف وال راح و أن.",7
"ا اللي اندفنت يومها مش هشام بعد ٠٣ سنة تقريبا بذكرى النكبة كان جامع لتحفيظ القرآن عامل تمثيلية عن الشهيد ،و طلبوا مني أ مثل دور ام الشهيد.",7
قالول ي بدنا تزفي الشهيد مثل ما زفيتي هشام وتهاهي وتزغردي على المسرح و أن ا وافقت.,7
"طلعت على المسرح كان في ولد صغير عم يمثل انه الشهيد ملفوف بعلم فلسطين و قدامه اثنين ما شفت مالمحهن بس اللي شفت ه انهن البسين بدالت زي الصهاينة ، وقتها ما قدرت أت حكم بحالي هجمت على حدا منهن و بلشت أ ضرب و ما س معت شي حوليي ال من ضجة الحضور وال من موسيقى المسرحية و ال من المسؤولين اللي عم يحاولوا يبعدوني ألنه هالمشهد مش من ضمن االتفاق، كل اللي سمعته صوت هشام و هو عم يوصيني "" بس
استشهد ما تبكي و ال تشلخي حالك بد ك تزغردي.",7
""" ما حسيت بحالي إال لما بعدوني عن اللي عم تمثل انها الجندي الصهيوني، وقفت استجمعت حالي وبلشت بدي أ .",7
"زف الشهيد مثل ما زفيت ابني أو ل ما سمعت صوت اإل س عاف انربط لساني ما عدت قادرة أ سمع شي، وقفوا الشيوخ والحضور يكبروا ليشجعوني أ نطق وأ عمل مثل ما عملت لما زفيت ابني الش هيد الحقيقي بس ما قدرت ، وضل ببالي صوت هشام وريحته و ضحكته.",7
نزلوني عن المسرح وقعد الشيخ يعرف الحضور عليي و يخ برهن قصتي ليوضح الموقف اللي صار .,7
"يومها عرفت انه الدمعة اللي خب يتها يوم استشهاد هشام ما راحت و ال خفت بس كانت مع الوقت عم تتخزن بقلب ي شالل دموع وقهر وعج ز وحقد على محتلنا"".",7
"أ كملت الحاجة أ م وليد كالمها عن المخيم وفلسطين والتهجير ولكن لم أ ستطع التركيز معها ، فعقلي كان تائه ا في لغز أ مهات الشهداء.",7
"الحاجة أم وليد ليست وحدها من عانت لسنوات من الحرب النفسية التي تعيشها اثر خبر استشهاد ولدها ، معظم أ مهات الشهداء كذل ك، ب ل واحدة منهن تجاوزت مرحلة الوجع والمعاناة الطبيعية لتصل إ لى مرحلة عدم االدراك وعدم تصديق األ.",7
مر الواقع.,7
"الحاجة أ م عزيز، الجئة فلسطينية في لبنان، أم لأ ربع شهداء او ام أل ر.",7
بع مفقودين كما تظن استشهد اوالد الحاجة ام عزيز في مجزرة صبرا و شاتيال و لكن عق لها الباطن ادرك ان قلبها لن يتحمل خبر استشهاد ثالثة اوالد فقرر ان يبقيه سرا داخله و ان يخبرها بأنهم مفقودين و انه ال يزال هناك امل بعودتهم.,7
ام عزيز روت قصة حدثت معها بعد فقدان اوالدها ب ٥١ عام.,7
"كانت تصلي صالة العصر في منزلها عندما شعرت بوجود احد ابنائها بج انبها يتجول في البيت قالت في نفسها"" هياتهن رجعوا بخلص صالتي و بشوفهن"" و لكن قبل ان تنهي صالتها رأته امامها غسل وجهه و خرج من الغرفة فركضت تبحث في البيت فلم ترَ ولدها او اي اثر له .",7
"فنزلت تركض غاضبة عند زوجات اوالدها تصرخ بأعلى صوتها ""يا ويلكو من هللا قولولي بدكو تتزوجوا بزوجكو اجا و ما لقاكو ابصر وين راح يدور عليكو"" و بقيت على حالها تضرب نفسها و تكرر هذه الجملة الى ان فقدت الوعي تمام و سقطت على االرض.",7
"عندما افاقت ادركت ان ولدها لم يعد و انها توهمت بوجوده حولها ، لكنها لم تدرك ابدا ان الوهم لم يقتصر على تخيله ا بوجوده حولها بل هي تعيش منذ لحظة استشهاد اوالدها داخل فقاعة من الوهم تجعلها دائمة االنتظار فهي تضع صورهم مقابل سريرها و تبقى تحدثهم طوال الليل و تفكر ""بلكي اخدوا واحد يضربوه قدام التاني بلكي واحد مرشح بلكي واحد ساخن يا حرام بيوم العيد بيقعدوا يقولوا امي بعدها طيبة وال ميتة ابوي بعده طيب وال ميت"" الى ان يحن عليها النوم .",7
"فيسرقها من وهمها قبل ان انهي لقائي بالحاجة ام وليد انتابني الفضول عن اثر رسالة المواساة التي كتبتها في نفسها فقالت"" مثلها ""مثل قلتها ما في كلمة بالعالم ممكن تخفف وجع استشهاد هشام او تمحيه ف""أدركت مقصد ايليا ابوماضي في قوله ""كل ما في األرض من فلسفةٍ .",7
ال يُعز ي فاقِدا عم ن فقد,7
كيف لي أن أغفر بقلم: شيماء طه أوراقٌ مختومة باسمي– حليمة دالل– .,8
"تحدّد لي صالحيّاتي المؤقتة في البالد أخذنا التصاريح ودخلنا البالد، ألول مرة من بعد أكثر من ٠٥ .",8
عامًا .,8
"ولن أتكلّم عن هذه الرحلة، فقط دخلنا1 في حيفا، عند دار خالتي، حيث كان لنا دار قربهم أصبح ساكنيه من اليهود، ورفضوا د خولنا لمنزلنا وأغلقوا الباب في وجهنا مع بعض الشتائم التي اعتاد عليها أهل ،البلد وليس نحن الال.",8
"جئين لكن ال بأس، أخبرتنا خالتي أنهم مختلفين، تجد فيهم الصالح والطالح كما فينا، وال أع لم صدقًا كيف يمكن لإلنسان أن يكون صالحًا وسارقًا في آنٍ واحد!",8
ال أعلم كيف لي أن أغفر ما قد مضى وأعتبره !,8
جارًا وصديقًا وقد أخذ داري وأرضي وحلمي تُح دثنا عن جارتها اليهودية الصالحة التي ستقوم بزيارتنا اليوم وقد أصبحت صديقة ل خالتي ووجدت فيها أنسًا في غر بتها عن بلدها!,8
فالبلد اليوم غير البلد قبل ال عام ال ثماني وأربعي ن.,8
وإن كنتُ أنا الالجئة .,8
"عالقة في العام الثماني وأربعين، خالتي المقيمة في حيفا عالقة في غربة اليوم موعد الزيارة حان، وإنها المرة األولى التي أجلس فيها مع أحد منهم والفضول يعترين ي والتساؤالت الكث ي رة تتآ كل:مع أنسجة دماغي من هم وكيف هم؟",8
كيف يعيشون وبأي صفة يتحدثون وك ي ف يتكلمون وماذا يقولون وكيف يفكرون؟,8
وكيف أصبح بعضهم أصدقاءًا لبعضنا هنا؟,8
كيف أص بحت هذه !,8
الغريبة صديقةً لخالتي؟,8
دخل ت وجل .,8
"ست مستأنسة، كأن الدار دارها أحضرت لنا الليمو ن من أرضها التي هي أرض نا أساسًا .",8
يا لحسن األخالق وكرم ال ض يافة عند اليهود!,8
كم أنَّ قيمهم عربية مثلنا تمامًا!,8
يب ُدو أنّا و ج دنا سو يًا ًعلى هذه األرض فعال للسالم!,8
أختبر الليمون هل ما زال كما تركناه!,8
هل هو ذاته ليموننا!,8
"أعصره فوق الملوخية ألتذوق طعمه أراقابه قطرة قطرة هذه األولى هي قطرة من دم الشهيد هذه الثانية هي أخرى من دم الجريح قطرة أخرى من دمع أم الشهيد 1 الجليل، مقابالت أرشيف النكبة مخيم-الوفاء للمسنين ، دار2022/11/18 فلسطين، مقابلة بتاريخ-، حيفا1944 حليمة محمود دالل، مواليد
وأخرى من دمع األسير وأخرى من أمه ومن حبيبته ومن أخته ومن ابنه وابنته ّوقطرة من دمع طفلٍ يحد ق في مقعد الدراسة إلى جانبه فيجده فارغًا إال من خيال صديقٍ اغتالته رصاصة ممن أخذ ليمو.",8
ن أرضه وهو ذاهب لشراء الخبز والليمون ألمه .,8
"وقطرة من دمع الالجئ، من دمعي أنا.",8
وقطرة عرق من فدائيّ يركض متخفيًا عن عدو أخذ أرضه وليمونه وأخرى من عرق مقاوم يحفر نفقه ليرسمه إما طري ًق ا لنصره وإما لشهادته وأخرى من عرق ٍأسير .,8
يحفر نفقه نحو حريّته.,8
ٍورأيت قطرات كثيرة.,8
"يكفي مرارة، يبدو أن مذاق الليمون هذا غير مذاق ليموننا.",8
"وأختبره مرة أخرى ؛ هذه المرّة رائحته أضيف قشرته إلى الشاي أضعها فوق المدفئة أبحث عن رائحة ا ألرض ،وال أشتم غير رائحة الموت.",8
يبدو أن رائحة الليمون هذه غير رائحة ليموننا.,8
وأختبره مرة أخرى ؛ هذه المرّة فعالي ته ّكما اعتدنا في أي ام صباي هنا أفرك األكواع والركب كي تتفتح .,8
وال تتفتح.,8
ويبدو أن جُل ما يتفتح هنا هي جراحٌ ظننت أني طويتها في الخمسين عامًا الماضية واألسود يزداد سوادًا واألسود يزداد حقدًا يبدو أن فعالية الليمون هذه غير فعالية ليموننا.,8
"وأجزم لم يعُد هذا الليمون كما تركناه هو ليس ذاته ليموننا
وألعنهم ألف مرةٍ ومرة !",8
"ليموننا لم يعُد هو، فكيف لي أن أغفر؟",8
هل يختلف طعم الليم ون فعالً أم أن شعوري هو الّذي يعطيه مذاقه!,8
هل يعرف الليمون صاحبه؟,8
هل يثمر وينضج بإرادته ورغبته أم رغمًا عنه؟,8
هل يتعايش ًمثلنا؟,8
مجبور ا غير مسرور؟,8
"ّأظن ه يشبهنا، وكل ما في هذه األرض يشبهنا ًيأبى أن يموت وإن كانت عيشة غير هن ّي ة كل ما فيها ينكرهم ويذكرهم ويذكرنا من هم أصحاب األرض الحقيقيين أظن ليمون الجارة هذه، لو زُرع في ذات المكان وذات الظروف ولكن ساعد ساقيه ك ان فلسطينيًا ًالختلف الطعم فعال ،لكان ليمونًا مقبالً على الحياة غير مرغمٍ عليها.",8
"وألعنهم ألف مرة ومرة، حتى ليمون بالدنا أُجب ر على هكذا عيشةٍ مُرّة ّوأختبر الحياة هنا وأتحس ٍس الرفض أو القبول في كل شيء .",8
"وأريد أن أطمئن قلبي، أن أمنح روحي السكينة، أأكد لنفسي وأردد لها """"ال لم تكن يومًا لهم ولن تكون ،لن يقبلهم شيئ أو أحد .",8
وخالتي مراوغة.,8
"ّتكابر، ال أعلم إن كانت تكذب على نفسها لتهو ن عليها عجزها، أم أنها تكذب عل ظ ي نًا منها .",8
"أن صورة ""السالم الزائف"" هذه قد تغريني أو ترضيني.",8
أو تثبت لي أن الحي اة ما زالت جميلة في هذه البال .,8
"د ،وهي ال تعلم أنها بالفعل جميلة ولكن ليست بهذه الصورة، بل بصورة الرفض ال القبول المقاومة ال الخضوع.",8
"وأظن خالتي نفسها ال تعلم أنها تقاوم، وأنها تجهل أ ن بقائها هنا بحد ذاته مقاومة .",8
"وتجهل أن كل ما ومن في البالد يقاوم، حتى هذا الليمون يقاوم ؛ وهذه الصورة وحدها التي تغريني وترضيني.",8
"وتخبرني خالتي عن جارة يهودية أخرى طيّبة، كما تقول، والشكر لها!",8
فهي تعترف بحقنا في !,8
الحياة!,8
ال أعلم إن كانت تعترف بحقنا في األرض أم أن هذا اإلعتراف خارج مصنّفات إنسانيتها تقول أن ابنها ط اي ر في الجيش اإلسرائيلي وقد تلقى أم .,8
"رًا عسكريًا بقصف مخيّمات فلسطينية في حيفا لكن أمه رفضت ومنعته عن هذا الفعل الالإنساني، وعندما عصى أمر أسياده، نفوه وأمه من حيفا إلى :عكّا.",8
"تروي خالتي القصة وهي تعظم وتمجد جارتها اليهودية هذه، وأنا ال أتفوه بكلمة، أتسائل فقط أال تعلم خالتي أن البيت الذي سك نته جارتها هذه في حيفا واآلخر في عكا هي بيوت مسروقة وحقوق ""مسلوبة من أصحابها األصليين؟",8
أال تشمل الالإنسانية السرقة؟,8
"وإن كان فعل ""االمتناع عن القتل .",8
"هذا فعالً إنسانيًا، فإنه بالنسبة لي ال يمكن أن يبرر فعل السرقة، وال لن أغفر
حتى وإن غفرتُ أنا، كيف ل غيري أن يغفر؟",8
كيف لمريم البحري أ ن تغفر وهي تستذكر ما حلّ عليهم ًمن اليهود عرب ا أو إفرنجًا كانوا.,8
"ابنة الثالث سنوات ونصف كانت، وما زال المشهد عالقًا في ذهنها بعد أكثر من70 عامًا، قميصٌ أزرق سماوي ملطخ بدماءٍ فلسطينية سُف كت بأيدٍ يهودية.",8
هو قميص جدها أبو المصطفى وهي دماؤه وقد كانت روحه التي سلبوها وقد كانت نفسه التي قتلوها مرارًا على د فعات حتى يبقى األثر على قميصه يذكرهم دومًا أ.,8
ن عليهم أال يغفروا2 تستذكر مريم الحادثة بتفاصيلها التي شهدت بعضها بعينيها والتي سمعت عن بعضها اآل .,8
"خربأذنيها ،في حسبة حيفا، سوق الخضارأو ""سوق الميزان"" كما تصفه مريم وكما يسميه أهل البلد ا لكثير من األحداث الدامية والتفجيرات التي قام بها اليهود، بوضع المواد المتفجرة إما في ب راميل النفايات أو بين سحارات الخضرة واختيار اليوم الذي يعجّ فيه السوق بأهله كي يكون عدد الضحايا أكبر وأكثر إرضاءًا لهم ؛ .",8
"وكأن دمائنا تروي عطشهم وكأن أشالءنا تشبع نفوسهم في أحد أيام هذه ،التفجيرات اختار القدر لجدها أن يذهب للسوق الساعة السادسة صباحًا لشراء الخضار، ولم تكن ع ادته أن يحضر إليه باكرًا ولكنها سهام الموت متى اختارتك قلت سمعًا وطاعة، ال عصيان مع ا لقدر، وال .",8
"عصيان مع الموت في فلسطين تحديدًا ًوقد حلّ اإلنفجار، ولن أزيد على وصف مريم وصف ،ا آخر يكفي ما قال ته: ""انفجارات مخيفة كانت، لحم بني آدمين، الرووس اإليدين األشالء كا نت تطلع على السطوح على شرطان .",8
"""الكهربا، على حالة كانت تخوّ ف وقد كان جدها ممن نال نصيبه من هذه التفجيرات، بينما كان يحمّل الجرحى والشهداء و يساعد في نقلهم باإلسعافات والعربايات والخيل (الكرّوس ات) هو وابن جاره حفظي الذي كان من س ،كان نابلس لم يالحظ جدها العبد إصابته في خاصرته وظن أن دماءه هي ذاتها دماء الضحايا الذين يحملهم بشرواله العربي الملفوف بالشمل ة.",8
"حتى نبّهه حفظي إلصابته، تحسس العبد أ بو مصطفى ج رحه بيديه ورأى دماءه تسيل بين كفّيه، حتى انقلب اسمرار بشرته ًاصفرار ا وخارت قواه ونقلوه ل لمستشفى الحكومي، إلنقاذ من كان المنق ذ؛ والموت الذي كان م حتمالً أصبح محتمًا في هذه ال مقبرة التي كان كادر ها الطبي ي.",8
"هودي جاءهم خبره مع حفظي، هرعوا إلى المشفى لتفقدّه ولم تكن إصابته كبيرة بقدر ما كان ،وجعه كبير إال أ ًن مسمارًا اخترق كبده وإهماالً وإذالال.",8
"من الكادر الطبي اليهودي قتله كان يصرخ ليالً طالبًا الماء ال ممنوع عنه وظلّ يئن وجعًا وعطشًا،حتى حلّ الصباح أحضر أحدهم كوبًا من الماء له، أمسكه بيديه ليشرب وإذ بصفعةٍ على خده يتلقاها من كف ممرضة ي هودية- لم أتخيل يومًا كيف لمالئكة الرحمة أن يتحولوا شياطينًا حتى سمعت الجملة هذه من مري م البحري- و من كان شاهدًا على هذا الكف هي ابنته (أم مريم) لحظة دخو لها حتى طار عقلها وهي ترى ا لممرضة اليهودية تصفع أباها الحاج العبد بكل ما أوتيت من قوة، شاط غضبها ودون تفكير رفع ت هي األخرى كفها وردت الصفعة للممرضة اليهويدية (ولو قتلتها ورأتها بأم ع ينيها ممدة على الس رير بدالً من أ بيها لم يكن ذلك ليشفي غليلها وال غليلي).",8
ه ذه الصفعة أظنها كانت أش د فتكًا من التفجي رات كافة وأظنها وحدها.,8
"كافية ألن تقتل العبد أبو مصطفى 2 فلسطين، أرشيف النكبة-حيفا-، الطنطورة 1934 مريم أحمد البحري، مواليد .",8
"
مضت ليلة أخرى مع وجعه وأنينه وحلّ صباحٌ آخر وليلة بعدها قد م فيها أطباء وممرضين إلى الغرفة المشتركة التي تضم العبد وغيره من الجرحى وأحدهم جاره حسن ستيتيّه الذي رو ى ما حدث حينها.",8
"تقدموا ومعهم حقنة نحو سرير العبد الذي كان يصرخ طوال الليل وجعًا، أغلقوا الستائر، ضاع الصوت، فتحوا الستائر وخرجوا دون كلمة واحد.",8
"جاره حسن جنبه ينادي عليه ""يا العبد، يا أبو مصطفى"" ولكن ال حياة لمن تنادي.",8
قدموا بعدها بلحظات مع النقالة وأخذوه ج ثةً هامدة ليثبتوا بكل وقاحة وبرادة أعصاب أنهم هم من قتلوه .,8
وعندما حل الصباح وقدم األهل لزيارته متوقعين أن يروه .,8
"بحال أفضل، لم يجدوا سوى فراغًا على السرير، حتى أخبرهم حسن ما حدث بالجد العبد قتلوه .",8
"مرارًا وتفننوا بإذالله وتغذوا على وجعه، ومات العبد وقد حل ال خبر على مريم مع القميص األزرق المثقوب من أثر التفجير والملطخ بدماء جدها مرفوعًا عاليا تلوح ب ه قريبتها وكأنه راية حرب ،وشهادة.",8
وتنوح وتلطم وتندب وتردد اسمه وقد مات .,8
ولم يمُت هذا المشهد في ذهن مريم ولن يموت كيف لروحه أن تغفر؟,8
كيف ألهله أن يغفروا؟,8
وكيف لمريم البحري أن تغفر؟,8
وكيف لحليمة دالل أن !,8
وكيف لي أن أغفر؟,8
وكيف لنا كلنا أن نغفر؟,8
